Name,MaxElev_m
HREN2LLF,2164
LCLN2HOF,3457
HRCN2LLF,2156
HRCN2LUF,2659
DIXN2HLF,2172
DIXN2HUF,3469
MARN2HLF,2158
MARN2HUF,2925
STPC1LLF,1842
BCAC1LLF,1841
BCAC1LUF,2563
PSRC1HLF,1843
SCWN2LLF,1849
SCWN2LUF,3281
FARC1LLF,1853
MTSC1HLF,1840
MTSC1HUF,2663
SCRN2LLF,1846
SCRN2LUF,3283
LWON2HLF,1850
LWON2HUF,3000
STWN2LLF,2157
STWN2LUF,3237
GRDN2LLF,2154
GRDN2LUF,2788
WWHN2LLF,2465
WWHN2LUF,3550
HOYN2LLF,2466
HOYN2LUF,3527
WWBC1HLF,2481
NIXN2LOF,2447
SGNC1HOF,2655
WADN2LOF,2445
FTCN2LOF,2809
WALN2LOF,2616
MASN2LOF,2637
GSRC1HOF,811
SHEC1HOF,1221
GUEC1LOF,665
HNEC1HOF,743
APCC1LOF,819
ALQC1HOF,641
LRZC1HOF,594
NILC1LOF,663
ACSC1HOF,1163
AWEC1LOF,891
CVQC1LOF,985
SFCC1HOF,783
MPTC1HOF,1171
AHOC1HOF,1334
CYEC1LOF,444
BTEC1HOF,983
LRRC1LOF,516
ANDC1LOF,1016
SPRC1LOF,1076
HOSC1LOF,1053
RDRC1HOF,1539
BSRC1HOF,1516
SOLC1HOF,1789
CHLC1LOF,1342
LWDC1HOF,1790
GSJC1LOF,763
GUAC1HOF,1060
GUDC1LOF,919
CADC1HOF,559
ALRC1HOF,1155
LEXC1HOF,1156
CMIC1LOF,1014
CTIC1HOF,748
HEAC1LOF,954
LSEC1LOF,422
MWEC1LOF,723
SSAC1HOF,826
SVWC1HOF,1870
WFMC1LOF,1845
DKHC1HOF,2582
MVDC1LOF,1723
MVVC1LOF,1491
ELPC1HOF,1980
SVIC1HOF,1113
FSNC1LOF,1113
TEKC1HOF,1870
VLKC1LOF,2072
MUTC1HOF,1393
SMHC1LOF,1367
YDRC1LOF,954
HAWC1HOF,1990
SHRC1LOF,1738
SLOC1LOF,736
KNBC1HOF,2523
MWXC1LOF,940
LKMC1HOF,776
TIMC1HOF,2685
TSLC1HOF,1708
PCNC1HLF,1923
PCNC1HUF,2454
MSYC1HLF,1901
MSYC1HUF,2919
WIPC1HLF,1926
WIPC1HUF,3504
WWIC1LUF,3298
DEPC1HLF,1895
DEPC1HUF,2650
WHWC1LUF,2526
SRWC1HLF,2513
SRWC1HUF,3472
SREC1LLF,2521
SREC1LUF,3416
HSAC1HOF,978
TWDC1LOF,1187
SSQC1HOF,2078
GARC1LOF,1587
LLYC1HOF,2066
CCHC1LOF,2004
SLUC1HOF,545
NRWC1LOF,1403
VRVC1HOF,1828
CLLC1HOF,1118
LKPC1LOF,2090
SCPC1LOF,2039
SESC1HOF,2284
VCAC1LOF,2042
PRBC1HOF,1236
EFBC1HOF,1765
CSKC1LOF,1659
HANC1LOF,1711
BTJC1HOF,2163
HIDC1HOF,2794
BHNC1HOF,1963
MPAC1HOF,1297
OWCC1HOF,873
BCKC1HOF,1277
BNCC1HOF,904
MEEC1LOF,238
LTDC1HOF,1093
EXQC1LUF,3562
POHC1LLF,1692
POHC1LMF,2601
POHC1LUF,3309
HPIC1HMF,2487
FRAC1HLF,1560
FRAC1HMF,2478
DLMC1HLF,1538
DLMC1HUF,2307
KTRC1HLF,1559
KTRC1HMF,2465
KTRC1HUF,3833
TMDC1LLF,1543
TMDC1LMF,2459
TMDC1LUF,3473
MLPC1HLF,1540
MLPC1HUF,2164
PFTC1HLF,1607
PFTC1HMF,2507
KKVC1HLF,1661
KKVC1HMF,2691
SKRC1HLF,1662
ISAC1LLF,1996
HETC1HLF,1621
HETC1HMF,2494
TVRC1HLF,1545
TVRC1HMF,2455
TVRC1HUF,2824
SCSC1LLF,1544
SCSC1LMF,2458
SCSC1LUF,3119
SUSC1HLF,1845
MFTC1HLF,1534
FHDC1HOF,2538
DVSC1HOF,2344
ANTC1HOF,2380
NFEC1LLF,1561
NFEC1LUF,2174
PLGC1LLF,1565
PLGC1LUF,2364
WBGC1HLF,1546
WBGC1HUF,2135
ORDC1LLF,1551
ORDC1LUF,2274
HCTC1HOF,1004
YUBC1LOF,808
GYRC1HLF,1565
NBBC1LLF,1564
NBBC1LUF,2351
OURC1LLF,1576
OURC1LUF,2261
BWKC1HOF,2543
JNSC1LLF,1580
JNSC1LUF,2346
HLEC1LLF,1553
HLEC1LUF,1766
DMCC1HOF,1127
DCSC1HOF,1527
MRYC1LOF,677
ROLC1HLF,1550
ROLC1HUF,1771
CFWC1LOF,1030
DCWC1HOF,801
NCOC1LOF,289
SACC1LOF,654
SAMC1LOF,116
SHDC1LOF,1662
RDGC1LOF,1578
BDBC1LOF,2053
KESC1LOF,1417
CWCC1HLF,1524
CWCC1HUF,2150
COTC1HLF,1524
COTC1HUF,3175
EPRC1HOF,1866
HKCC1HOF,1834
EDCC1HLF,1524
EDCC1HUF,2026
MLMC1HLF,1524
MLMC1HUF,3152
DCVC1HLF,1524
DCVC1HUF,2395
TCRC1HLF,1524
VWBC1LOF,1261
BKCC1HLF,1524
BKCC1HUF,2189
ORFC1LOF,1222
BLBC1LLF,1524
SGEC1LLF,1524
SGEC1LUF,2149
RCVC1HOF,737
FMWC1LOF,1061
TEHC1LLF,1524
TEHC1LUF,2102
DRYC1HOF,462
KNFC1LOF,707
DCMC1LOF,290
OBBC1LOF,460
RIPC1LOF,125
MOSC1LOF,946
CHVC1HLF,1547
NDVC1HMF,2450
NDVC1HUF,2862
NSWC1HMF,2453
NSWC1HUF,3018
AVYC1LLF,1543
AVYC1LMF,2608
NMSC1LLF,1584
NMSC1LMF,2466
HOUC1HOF,1813
INVC1LOF,1345
HCHC1HOF,1163
FRGC1HOF,792
MSGC1LOF,624
NHGC1HOF,1850
CMCC1LOF,373
EDOC1HLF,1533
EDOC1HUF,2357
SOSC1HLF,1537
SOSC1HUF,2358
MHBC1LOF,1502
MCNC1LOF,526
HLLC1LLF,1544
LNLC1HOF,2357
RRGC1LOF,2693
RUFC1LLF,1545
RUFC1LUF,2289
NMFC1HLF,1539
NMFC1HUF,2190
ICHC1HOF,3034
UNVC1HLF,1538
UNVC1HUF,2868
SVCC1LLF,1538
SVCC1LUF,2040
AKYC1HLF,1544
CBAC1LLF,1538
CBAC1LUF,2273
FOLC1LOF,1408
NIMC1LOF,353
NFDC1HLF,1577
CMPC1HLF,1544
THTC1LOF,1307
MRWC1LOF,145
MFAC1LOF,1716
MFPC1LLF,1524
MFPC1LUF,2264
UKAC1HOF,1018
GRCC1HOF,824
NVRC1HOF,1039
BURC1LLF,1587
SFYC1HLF,1742
ARCC1LOF,1789
BLKC1HOF,1621
BRGC1HOF,1791
ETTC1HOF,1126
FTBC1HOF,978
FTDC1LOF,714
LEGC1HOF,1285
MAUC1HOF,1835
MRNC1LOF,1246
MTOC1LOF,1246
RADC1HOF,1759
SCOC1LOF,1706
TCCC1HLF,1524
WMSO3LLF,1556
WMSO3LUF,1897
SCNO3HLF,1563
CHSO3LLF,1556
CHSO3LUF,2207
KLAO3LLF,1577
BOYO3LLF,1552
BTYO3HLF,1560
GERO3HLF,1555
GERO3HUF,2202
KEOO3LLF,1545
KEOO3LUF,1671
KELO3LLF,1580
KELO3LUF,1969
YREC1HLF,1580
FTJC1HLF,1582
CKEC1HLF,1558
CKEC1HUF,1931
LAMC1HOF,1192
HOPC1LOF,1148
CDLC1LOF,1100
WSDC1HOF,940
MBRC1LOF,2000
ADOC1LOF,3055
YTLC1LOF,3062
CYBC1HOF,2653
PYMC1HOF,2686
WWIC1LLF,1928
WTIC1LOF,1745
WHWC1LLF,1892
YREC1HUF,4291
FTJC1HUF,2599
KLMC1LLF,1581
KLMC1LUF,2105
SBRC1HLF,1602
SBRC1HUF,2715
HOOC1LLF,1587
HOOC1LUF,2303
BURC1LUF,2730
LEWC1LLF,1492
TRJC1LLF,1573
TRJC1LUF,2327
HYMC1LLF,1569
HYMC1LUF,1944
SFYC1HUF,2384
SUSC1HUF,2459
DOSC1HLF,1552
DOSC1HUF,2307
FRNC1LOF,1262
FTSC1LLF,1540
FTSC1LUF,1893
PLBC1HLF,1545
PLBC1HUF,2140
SCBC1HLF,1556
SCBC1HUF,2356
PLLC1HLF,1555
PLLC1HUF,2804
MRMC1LLF,1574
MRMC1LUF,2469
GYRC1HUF,2608
ADLC1LOF,1231
LVKC1HOF,1245
COYC1HOF,1110
PHOC1HOF,1047
AROC1LOF,1152
TESC1HOF,1217
PIIC1HOF,1600
KCYC1HOF,1368
SDDC1LOF,1201
NBYC1HOF,1143
SNRC1LOF,847
NACC1LOF,1093
BRDC1LOF,1198
ESRC1HOF,1321
RVBC1LOF,865
CNBC1LLF,1676
CNBC1LUF,2958
PLYC1HLF,1676
PLYC1HUF,3016
PITC1LUF,1676
PITC1LLF,3186
MMCC1HLF,1524
MMCC1HUF,4309
DLTC1HLF,1524
DLTC1HUF,4155
MSSC1LLF,1524
MSSC1LUF,3428
WHSC1HOF,1893
CWAC1HLF,1524
CWAC1HUF,2463
TCRC1HUF,2463
BLBC1LUF,2103
DSNC1HOF,545
MDSC1LOF,362
STVC1LOF,454
PATC1LOF,796
VNSC1LOF,1100
PTTC1HOF,1120
OREC1HOF,1159
PNEC1HOF,1599
LGAC1LOF,1196
WARC1HOF,1382
LGCC1HOF,1515
LNRC1HLF,1556
LNRC1HMF,2467
LNRC1HUF,3210
CHVC1HMF,2480
NDPC1LLF,1562
NDPC1LMF,2453
NDPC1LUF,2936
EXQC1LLF,1545
EXQC1LMF,2461
HPIC1HUF,3988
FRAC1HUF,4220
MUPC1HOF,1467
SKPC1HOF,1199
CLKC1LOF,1465
KCVC1HOF,1439
RMSC1LOF,1392
YOLC1LOF,927
PCGC1HOF,1440
LBEC1LOF,930
PFTC1HUF,4344
KKVC1HUF,4411
SKRC1HMF,2585
SKRC1HUF,3703
ISAC1LMF,2562
ISAC1LUF,3039
IIFC1LLF,1543
IIFC1LUF,2550
RMKC1HOF,1320
BSCC1HOF,1371
GEYC1LOF,874
LBDC1HOF,1155
NWMC1LOF,1557
TCCC1HUF,2750
CEGC1LLF,1524
CEGC1LUF,2708
MBON2HLF,2165
MBON2HUF,3224
MHSN2LLF,2161
MHSN2LUF,2809
DVGN2HLF,2160
DVGN2HUF,3184
PALN2LLF,2157
PALN2LUF,2677
HREN2LUF,3466
LHPN2HLF,2155
LHPN2HUF,2660
ROCN2HLF,2158
ROCN2HUF,2613
VISN2LOF,1784
TRRN2LLF,1855
TRRN2LUF,2980
EWSN2LLF,2464
EWSN2LUF,3553
BPRC1HLF,2468
TBDN2LOF,2283
SUAC1LOF,2765
FMDC1HOF,2747
ORIC1LOF,1249
SCNO3HUF,2443
KLAO3LUF,2864
BOYO3LUF,2499
BTYO3HUF,2539
IRGC1LLF,1576
IRGC1LUF,2388
SEIC1LLF,1598
SEIC1LUF,2505
WKAO3HLF,1569
WKAO3HUF,2780
HAPC1HLF,1602
HAPC1HUF,2169
ONSC1LLF,1598
ONSC1LUF,2258
STPC1LUF,2784
PSRC1HUF,2771
FARC1LUF,3232
CEMC1HLF,2492
CEMC1HUF,3491
WWBC1HUF,3575
BPRC1HUF,3774
ILAC1HOF,2785
DNRC1HOF,2672
TRCC1LOF,2751
TAHC1HOF,3319
WOOC1HOF,3315
CREC1HOF,1917
JKRC1HOF,2555
FOCC1HOF,2742
CHVC1HUF,3283
NMSC1LUF,3520
MDCN2HLF,2154
MDCN2HUF,2589
HLLC1LUF,2704
AKYC1HUF,3157
NFDC1HUF,2737
RBBC1HOF,3034
CMPC1HMF,2474
CMPC1HUF,3155
HETC1HUF,3978
MFTC1HUF,2661
